<application>
  <component name="DiffManager" COMPARISON_POLICY="Ignore spaces" />
  <component name="DiffSettings">
    <option name="PLACES_MAP">
      <entry key="ChangesView">
        <PlaceSettings />
      </entry>
      <entry key="CommitDialog">
        <PlaceSettings />
      </entry>
      <entry key="Default">
        <PlaceSettings />
      </entry>
    </option>
    <option name="SHARED_SETTINGS">
      <SharedSettings>
        <option name="GO_TO_NEXT_FILE_ON_NEXT_DIFFERENCE" value="false" />
      </SharedSettings>
    </option>
  </component>
  <component name="TextDiffSettings">
    <option name="PLACES_MAP">
      <entry key="ChangesView">
        <PlaceSettings>
          <option name="EXPAND_BY_DEFAULT" value="false" />
        </PlaceSettings>
      </entry>
      <entry key="CommitDialog">
        <PlaceSettings>
          <option name="EXPAND_BY_DEFAULT" value="false" />
        </PlaceSettings>
      </entry>
      <entry key="Default">
        <PlaceSettings />
      </entry>
      <entry key="Merge">
        <PlaceSettings />
      </entry>
    </option>
  </component>
</application>