<application>
  <component name="FileTypeManager" version="17">
    <ignoreFiles list="*.hprof;*.pyc;*.pyo;*.rbc;*~;.DS_Store;.git;.hg;.svn;CVS;RCS;SCCS;__pycache__;_svn;node_modules;rcs;vssver.scc;vssver2.scc;" />
    <extensionMap>
      <mapping pattern="*.js.flow" type="Flow" />
      <mapping pattern="*.js.flow" type="Flow" />
      <mapping ext="gradle.kts" type="Kotlin" />
      <mapping ext="exe" type="Native" />
      <mapping pattern="credentials" type="PLAIN_TEXT" />
      <mapping pattern="quiz" type="PLAIN_TEXT" />
      <mapping pattern="richContent" type="PLAIN_TEXT" />
      <mapping pattern="迁移须知" type="PLAIN_TEXT" />
      <mapping pattern="asf" type="PLAIN_TEXT" />
      <mapping pattern="lrs" type="PLAIN_TEXT" />
      <mapping pattern="yewu_zhihuishu" type="PLAIN_TEXT" />
      <mapping pattern="config" type="PLAIN_TEXT" />
      <mapping pattern="cap" type="PLAIN_TEXT" />
      <mapping pattern="compile" type="PLAIN_TEXT" />
      <mapping pattern="eip" type="PLAIN_TEXT" />
      <mapping pattern="order" type="PLAIN_TEXT" />
      <mapping pattern="abbreviation" type="PLAIN_TEXT" />
      <mapping pattern="js" type="PLAIN_TEXT" />
      <mapping pattern="ps" type="PLAIN_TEXT" />
      <mapping pattern="java题目" type="PLAIN_TEXT" />
      <mapping pattern="locks" type="PLAIN_TEXT" />
      <mapping pattern="common js" type="PLAIN_TEXT" />
      <mapping pattern="简历看出一个人的性格" type="PLAIN_TEXT" />
      <mapping pattern="apk" type="PLAIN_TEXT" />
      <mapping ext="sayhelloinf" type="PLAIN_TEXT" />
      <mapping ext="lua" type="PLAIN_TEXT" />
      <mapping ext="protocol" type="PLAIN_TEXT" />
      <mapping ext="proxyfactor" type="PLAIN_TEXT" />
      <mapping ext="prefs" type="PLAIN_TEXT" />
      <mapping ext="proxyfactory" type="PLAIN_TEXT" />
      <mapping ext="lck" type="PLAIN_TEXT" />
      <mapping ext="jks" type="PLAIN_TEXT" />
    </extensionMap>
  </component>
</application>