<application>
  <component name="LineMarkerSettings">
    <option name="providers">
      <map>
        <entry key="ActionGroovyAnnotator" value="true" />
        <entry key="ActionJavaAnnotator" value="true" />
        <entry key="CdiInjectionsClassAnnotator" value="true" />
        <entry key="ConfigurationPropertyRelatedItemLineMarkerProvider" value="true" />
        <entry key="JspActionAnnotator" value="true" />
        <entry key="ModelDependenciesLineMarkerProviderJava" value="true" />
        <entry key="ModelDependenciesLineMarkerProviderXml" value="true" />
        <entry key="SpringAopAnnotator" value="true" />
        <entry key="SpringCacheableAnnotator" value="true" />
        <entry key="SpringClassAnnotator" value="true" />
        <entry key="SpringClassFilesetLineMarkerProvider" value="true" />
        <entry key="SpringDataProjectionAnnotator" value="true" />
        <entry key="SpringDataRepositoryAnnotator" value="true" />
        <entry key="SpringDomAnnotator" value="true" />
        <entry key="SpringEventListenerAnnotator" value="true" />
        <entry key="SpringGroovyClassAnnotator" value="true" />
        <entry key="SpringMvcRequestMappingRelatedItemLineMarkerProvider" value="true" />
        <entry key="SpringSpiRegistrationAnnotator" value="true" />
        <entry key="WebflowRelatedItemLineMarkerProvider" value="true" />
        <entry key="com.intellij.aop.jam.AopJavaAnnotator" value="true" />
        <entry key="com.intellij.codeInsight.ExternalAnnotationsLineMarkerProvider" value="true" />
        <entry key="com.intellij.codeInsight.daemon.impl.IconLineMarkerProvider" value="true" />
        <entry key="com.intellij.codeInsight.daemon.impl.RecursiveCallLineMarkerProvider" value="true" />
        <entry key="com.intellij.execution.lineMarker.RunLineMarkerProvider" value="true" />
        <entry key="com.intellij.lang.javascript.highlighting.JSRecursiveCallLineMarkerProvider" value="true" />
        <entry key="com.intellij.sql.editor.SqlLineMarkerProvider" value="true" />
        <entry key="com.intellij.ui.ColorLineMarkerProvider" value="true" />
        <entry key="java.implemented" value="true" />
        <entry key="java.implementing" value="true" />
        <entry key="java.lambda" value="true" />
        <entry key="java.overridden" value="true" />
        <entry key="java.overriding" value="true" />
        <entry key="org.jetbrains.kotlin.idea.spring.lineMarking.KotlinSpringModelDependenciesLineMarkerProvider" value="true" />
      </map>
    </option>
  </component>
</application>