<application>
  <component name="ProjectJdkTable">
    <jdk version="2">
      <name value="my 1.6" />
      <type value="JavaSDK" />
      <version value="java version &quot;1.6.0_45&quot;" />
      <homePath value="C:\software\Java\jdk1.6.0_45" />
      <roots>
        <annotationsPath>
          <root type="composite">
            <root url="jar://$APPLICATION_HOME_DIR$/lib/jdkAnnotations.jar!/" type="simple" />
          </root>
        </annotationsPath>
        <classPath>
          <root type="composite">
            <root url="jar://C:/software/Java/jdk1.6.0_45/jre/lib/charsets.jar!/" type="simple" />
            <root url="jar://C:/software/Java/jdk1.6.0_45/jre/lib/deploy.jar!/" type="simple" />
            <root url="jar://C:/software/Java/jdk1.6.0_45/jre/lib/ext/dnsns.jar!/" type="simple" />
            <root url="jar://C:/software/Java/jdk1.6.0_45/jre/lib/ext/localedata.jar!/" type="simple" />
            <root url="jar://C:/software/Java/jdk1.6.0_45/jre/lib/ext/sunjce_provider.jar!/" type="simple" />
            <root url="jar://C:/software/Java/jdk1.6.0_45/jre/lib/ext/sunmscapi.jar!/" type="simple" />
            <root url="jar://C:/software/Java/jdk1.6.0_45/jre/lib/javaws.jar!/" type="simple" />
            <root url="jar://C:/software/Java/jdk1.6.0_45/jre/lib/jce.jar!/" type="simple" />
            <root url="jar://C:/software/Java/jdk1.6.0_45/jre/lib/jsse.jar!/" type="simple" />
            <root url="jar://C:/software/Java/jdk1.6.0_45/jre/lib/management-agent.jar!/" type="simple" />
            <root url="jar://C:/software/Java/jdk1.6.0_45/jre/lib/plugin.jar!/" type="simple" />
            <root url="jar://C:/software/Java/jdk1.6.0_45/jre/lib/resources.jar!/" type="simple" />
            <root url="jar://C:/software/Java/jdk1.6.0_45/jre/lib/rt.jar!/" type="simple" />
          </root>
        </classPath>
        <javadocPath>
          <root type="composite" />
        </javadocPath>
        <sourcePath>
          <root type="composite">
            <root url="jar://C:/software/Java/jdk1.6.0_45/src.zip!/" type="simple" />
          </root>
        </sourcePath>
      </roots>
      <additional />
    </jdk>
    <jdk version="2">
      <name value="1.8_151" />
      <type value="JavaSDK" />
      <version value="java version &quot;1.8.0_151&quot;" />
      <homePath value="C:/software/Java/jdk1.8.0_151" />
      <roots>
        <annotationsPath>
          <root type="composite">
            <root url="jar://$APPLICATION_HOME_DIR$/lib/jdkAnnotations.jar!/" type="simple" />
          </root>
        </annotationsPath>
        <classPath>
          <root type="composite">
            <root url="jar://C:/software/Java/jdk1.8.0_151/jre/lib/charsets.jar!/" type="simple" />
            <root url="jar://C:/software/Java/jdk1.8.0_151/jre/lib/deploy.jar!/" type="simple" />
            <root url="jar://C:/software/Java/jdk1.8.0_151/jre/lib/ext/access-bridge-64.jar!/" type="simple" />
            <root url="jar://C:/software/Java/jdk1.8.0_151/jre/lib/ext/cldrdata.jar!/" type="simple" />
            <root url="jar://C:/software/Java/jdk1.8.0_151/jre/lib/ext/dnsns.jar!/" type="simple" />
            <root url="jar://C:/software/Java/jdk1.8.0_151/jre/lib/ext/jaccess.jar!/" type="simple" />
            <root url="jar://C:/software/Java/jdk1.8.0_151/jre/lib/ext/jfxrt.jar!/" type="simple" />
            <root url="jar://C:/software/Java/jdk1.8.0_151/jre/lib/ext/localedata.jar!/" type="simple" />
            <root url="jar://C:/software/Java/jdk1.8.0_151/jre/lib/ext/nashorn.jar!/" type="simple" />
            <root url="jar://C:/software/Java/jdk1.8.0_151/jre/lib/ext/sunec.jar!/" type="simple" />
            <root url="jar://C:/software/Java/jdk1.8.0_151/jre/lib/ext/sunjce_provider.jar!/" type="simple" />
            <root url="jar://C:/software/Java/jdk1.8.0_151/jre/lib/ext/sunmscapi.jar!/" type="simple" />
            <root url="jar://C:/software/Java/jdk1.8.0_151/jre/lib/ext/sunpkcs11.jar!/" type="simple" />
            <root url="jar://C:/software/Java/jdk1.8.0_151/jre/lib/ext/zipfs.jar!/" type="simple" />
            <root url="jar://C:/software/Java/jdk1.8.0_151/jre/lib/javaws.jar!/" type="simple" />
            <root url="jar://C:/software/Java/jdk1.8.0_151/jre/lib/jce.jar!/" type="simple" />
            <root url="jar://C:/software/Java/jdk1.8.0_151/jre/lib/jfr.jar!/" type="simple" />
            <root url="jar://C:/software/Java/jdk1.8.0_151/jre/lib/jfxswt.jar!/" type="simple" />
            <root url="jar://C:/software/Java/jdk1.8.0_151/jre/lib/jsse.jar!/" type="simple" />
            <root url="jar://C:/software/Java/jdk1.8.0_151/jre/lib/management-agent.jar!/" type="simple" />
            <root url="jar://C:/software/Java/jdk1.8.0_151/jre/lib/plugin.jar!/" type="simple" />
            <root url="jar://C:/software/Java/jdk1.8.0_151/jre/lib/resources.jar!/" type="simple" />
            <root url="jar://C:/software/Java/jdk1.8.0_151/jre/lib/rt.jar!/" type="simple" />
          </root>
        </classPath>
        <javadocPath>
          <root type="composite" />
        </javadocPath>
        <sourcePath>
          <root type="composite">
            <root url="file://C:/projects/myjdkdebug/src" type="simple" />
            <root url="jar://C:/software/Java/jdk1.8.0_151/src.zip!/" type="simple" />
            <root url="jar://C:/software/Java/jdk1.8.0_151/javafx-src.zip!/" type="simple" />
          </root>
        </sourcePath>
      </roots>
      <additional />
    </jdk>
    <jdk version="2">
      <name value="Kotlin SDK" />
      <type value="KotlinSDK" />
      <version value="1.3.41" />
      <homePath value="C:\JetBrains\IntelliJ IDEA 2019.2.1\plugins\Kotlin\kotlinc" />
      <roots>
        <annotationsPath>
          <root type="composite" />
        </annotationsPath>
        <classPath>
          <root type="composite" />
        </classPath>
        <javadocPath>
          <root type="composite" />
        </javadocPath>
        <sourcePath>
          <root type="composite" />
        </sourcePath>
      </roots>
      <additional />
    </jdk>
  </component>
</application>