<application>
  <component name="MavenRunHelper">
    <option name="goals">
      <Goals>
        <option name="goals">
          <list>
            <Goal>
              <option name="commandLine" value="clean" />
            </Goal>
            <Goal>
              <option name="commandLine" value="validate" />
            </Goal>
            <Goal>
              <option name="commandLine" value="compile" />
            </Goal>
            <Goal>
              <option name="commandLine" value="test" />
            </Goal>
            <Goal>
              <option name="commandLine" value="package" />
            </Goal>
            <Goal>
              <option name="commandLine" value="verify" />
            </Goal>
            <Goal>
              <option name="commandLine" value="install" />
            </Goal>
            <Goal>
              <option name="commandLine" value="deploy" />
            </Goal>
            <Goal>
              <option name="commandLine" value="site" />
            </Goal>
            <Goal>
              <option name="commandLine" value="clean install" />
            </Goal>
            <Goal>
              <option name="commandLine" value="assembly:assembly" />
            </Goal>
          </list>
        </option>
      </Goals>
    </option>
  </component>
</application>