<application>
  <component name="NotificationConfiguration">
    <notification groupId="IDE and Plugin Updates" displayType="NONE" />
    <notification groupId="JRebel non-sticky" displayType="NONE" shouldLog="false" />
    <notification groupId="JRebel sticky" displayType="NONE" shouldLog="false" />
    <notification groupId="Load Error" displayType="NONE" />
    <notification groupId="mybatisCodeHelper" displayType="NONE" />
    <notification groupId="Platform and Plugin Updates" displayType="NONE" />
  </component>
</application>