<application>
  <component name="ProjectManager">
    <defaultProject>
      <component name="CompilerConfiguration">
        <option name="DEFAULT_COMPILER" />
      </component>
      <component name="JUnitGeneratorProjectSettings">
        <option name="outputFilePattern" value="${SOURCEPATH}/../../test/java/${PACKAGE}/${FILENAME}" />
        <option name="selectedTemplateKey" value="JUnit 4" />
        <option name="vmTemplates">
          <map>
            <entry key="JUnit 3" value="######################################################################################## &#10;## &#10;## Available variables: &#10;##         $entryList.methodList - List of method composites &#10;##         $entryList.privateMethodList - List of private method composites &#10;##         $entryList.fieldList - ArrayList of class scope field names &#10;##         $entryList.className - class name &#10;##         $entryList.packageName - package name &#10;##         $today - Todays date in MM/dd/yyyy format &#10;## &#10;##            MethodComposite variables: &#10;##                $method.name - Method Name &#10;##                $method.signature - Full method signature in String form &#10;##                $method.reflectionCode - list of strings representing commented out reflection code to access method (Private Methods) &#10;##                $method.paramNames - List of Strings representing the method's parameters' names &#10;##                $method.paramClasses - List of Strings representing the method's parameters' classes &#10;## &#10;## You can configure the output class name using &quot;testClass&quot; variable below. &#10;## Here are some examples: &#10;## Test${entry.ClassName} - will produce TestSomeClass &#10;## ${entry.className}Test - will produce SomeClassTest &#10;## &#10;######################################################################################## &#10;## &#10;#macro (cap $strIn)$strIn.valueOf($strIn.charAt(0)).toUpperCase()$strIn.substring(1)#end &#10;## Iterate through the list and generate testcase for every entry. &#10;#foreach ($entry in $entryList) &#10;#set( $testClass=&quot;${entry.className}Test&quot;) &#10;## &#10;package test.$entry.packageName; &#10;&#10;import junit.framework.Test; &#10;import junit.framework.TestSuite; &#10;import junit.framework.TestCase; &#10;&#10;/** &#10;* ${entry.className} Tester. &#10;* &#10;* @author &lt;Authors name&gt; &#10;* @since &lt;pre&gt;$today&lt;/pre&gt; &#10;* @version 1.0 &#10;*/ &#10;public class $testClass extends TestCase { &#10;public $testClass(String name) { &#10;super(name); &#10;} &#10;&#10;public void setUp() throws Exception { &#10;super.setUp(); &#10;} &#10;&#10;public void tearDown() throws Exception { &#10;super.tearDown(); &#10;} &#10;&#10;#foreach($method in $entry.methodList) &#10;/** &#10;* &#10;* Method: $method.signature &#10;* &#10;*/ &#10;public void test#cap(${method.name})() throws Exception { &#10;//TODO: Test goes here... &#10;} &#10;&#10;#end &#10;&#10;#foreach($method in $entry.privateMethodList) &#10;/** &#10;* &#10;* Method: $method.signature &#10;* &#10;*/ &#10;public void test#cap(${method.name})() throws Exception { &#10;//TODO: Test goes here... &#10;#foreach($string in $method.reflectionCode) &#10;$string &#10;#end &#10;} &#10;&#10;#end &#10;&#10;public static Test suite() { &#10;return new TestSuite(${testClass}.class); &#10;} &#10;} &#10;#end" />
            <entry key="JUnit 4" value="######################################################################################## &#10;## &#10;## Available variables: &#10;##         $entryList.methodList - List of method composites &#10;##         $entryList.privateMethodList - List of private method composites &#10;##         $entryList.fieldList - ArrayList of class scope field names &#10;##         $entryList.className - class name &#10;##         $entryList.packageName - package name &#10;##         $today - Todays date in MM/dd/yyyy format &#10;## &#10;##            MethodComposite variables: &#10;##                $method.name - Method Name &#10;##                $method.signature - Full method signature in String form &#10;##                $method.reflectionCode - list of strings representing commented out reflection code to access method (Private Methods) &#10;##                $method.paramNames - List of Strings representing the method's parameters' names &#10;##                $method.paramClasses - List of Strings representing the method's parameters' classes &#10;## &#10;## You can configure the output class name using &quot;testClass&quot; variable below. &#10;## Here are some examples: &#10;## Test${entry.ClassName} - will produce TestSomeClass &#10;## ${entry.className}Test - will produce SomeClassTest &#10;## &#10;######################################################################################## &#10;## &#10;#macro (cap $strIn)$strIn.valueOf($strIn.charAt(0)).toUpperCase()$strIn.substring(1)#end &#10;## Iterate through the list and generate testcase for every entry. &#10;#foreach ($entry in $entryList) &#10;#set( $testClass=&quot;${entry.className}Test&quot;) &#10;## &#10;package $entry.packageName; &#10;&#10;import org.junit.Test; &#10;import org.junit.Before; &#10;import org.junit.After; &#10;&#10;/** &#10;* ${entry.className} Tester. &#10;* &#10;* @author Jiangli &#10;* @since &lt;pre&gt;$today&lt;/pre&gt; &#10;* @version 1.0 &#10;*/ &#10;public class $testClass { &#10;&#10;    @Before&#10;    public void before() throws Exception { &#10;    } &#10;    &#10;    @After&#10;    public void after() throws Exception { &#10;    } &#10;    &#10;    #foreach($method in $entry.methodList) &#10;    /** &#10;    * &#10;    * Method: $method.signature &#10;    * &#10;    */ &#10;    @Test&#10;    public void test#cap(${method.name})() throws Exception { &#10;    //TODO: Test goes here... &#10;    } &#10;    &#10;    #end &#10;    &#10;    #foreach($method in $entry.privateMethodList) &#10;    /** &#10;    * &#10;    * Method: $method.signature &#10;    * &#10;    */ &#10;    @Test&#10;    public void test#cap(${method.name})() throws Exception { &#10;    //TODO: Test goes here... &#10;    #foreach($string in $method.reflectionCode) &#10;    $string &#10;    #end &#10;} &#10;&#10;#end &#10;} &#10;#end" />
          </map>
        </option>
      </component>
      <component name="MarkdownProjectSettings">
        <PreviewSettings splitEditorLayout="SPLIT" splitEditorPreview="PREVIEW" useGrayscaleRendering="false" zoomFactor="1.0" maxImageWidth="0" showGitHubPageIfSynced="false" allowBrowsingInPreview="false" synchronizePreviewPosition="false" highlightPreviewType="LINE" highlightFadeOut="5" highlightOnTyping="false" synchronizeSourcePosition="false">
          <PanelProvider>
            <provider providerId="com.vladsch.idea.multimarkdown.editor.swing.html.panel" providerName="Default - Swing" />
          </PanelProvider>
        </PreviewSettings>
        <ParserSettings>
          <PegdownExtensions>
            <option name="ABBREVIATIONS" value="false" />
            <option name="ANCHORLINKS" value="true" />
            <option name="ATXHEADERSPACE" value="true" />
            <option name="AUTOLINKS" value="true" />
            <option name="DEFINITIONS" value="false" />
            <option name="FENCED_CODE_BLOCKS" value="true" />
            <option name="FOOTNOTES" value="false" />
            <option name="FORCELISTITEMPARA" value="false" />
            <option name="HARDWRAPS" value="false" />
            <option name="QUOTES" value="false" />
            <option name="RELAXEDHRULES" value="true" />
            <option name="SMARTS" value="false" />
            <option name="STRIKETHROUGH" value="true" />
            <option name="SUPPRESS_HTML_BLOCKS" value="false" />
            <option name="SUPPRESS_INLINE_HTML" value="false" />
            <option name="TABLES" value="true" />
            <option name="TASKLISTITEMS" value="true" />
            <option name="TOC" value="false" />
            <option name="TRACE_PARSER" value="false" />
            <option name="WIKILINKS" value="true" />
          </PegdownExtensions>
          <ParserOptions>
            <option name="COMMONMARK_LISTS" value="false" />
            <option name="DUMMY" value="false" />
            <option name="EMOJI_SHORTCUTS" value="true" />
            <option name="FLEXMARK_FRONT_MATTER" value="false" />
            <option name="GFM_TABLE_RENDERING" value="true" />
            <option name="GITBOOK_URL_ENCODING" value="false" />
            <option name="GITHUB_EMOJI_URL" value="false" />
            <option name="GITHUB_LISTS" value="true" />
            <option name="GITHUB_WIKI_LINKS" value="true" />
            <option name="JEKYLL_FRONT_MATTER" value="false" />
            <option name="SIM_TOC_BLANK_LINE_SPACER" value="true" />
          </ParserOptions>
        </ParserSettings>
        <HtmlSettings headerTopEnabled="false" headerBottomEnabled="false" bodyTopEnabled="false" bodyBottomEnabled="false" embedUrlContent="false" addPageHeader="true">
          <GeneratorProvider>
            <provider providerId="com.vladsch.idea.multimarkdown.editor.swing.html.generator" providerName="Default Swing HTML Generator" />
          </GeneratorProvider>
          <headerTop />
          <headerBottom />
          <bodyTop />
          <bodyBottom />
        </HtmlSettings>
        <CssSettings previewScheme="UI_SCHEME" cssUri="" isCssUriEnabled="false" isCssTextEnabled="false" isDynamicPageWidth="true">
          <StylesheetProvider>
            <provider providerId="com.vladsch.idea.multimarkdown.editor.swing.html.css" providerName="Default Swing Stylesheet" />
          </StylesheetProvider>
          <ScriptProviders />
          <cssText />
        </CssSettings>
        <HtmlExportSettings updateOnSave="false" parentDir="$ProjectFileDir$" targetDir="$ProjectFileDir$" cssDir="" scriptDir="" plainHtml="false" imageDir="" copyLinkedImages="false" imageUniquifyType="0" targetExt="" useTargetExt="false" noCssNoScripts="false" linkToExportedHtml="true" exportOnSettingsChange="true" regenerateOnProjectOpen="false" />
        <LinkMapSettings>
          <textMaps />
        </LinkMapSettings>
      </component>
      <component name="MavenImportPreferences">
        <option name="generalSettings">
          <MavenGeneralSettings>
            <option name="mavenHome" value="C:/software/apache-maven-3.2.5" />
            <option name="userSettingsFile" value="C:\software\apache-maven-3.2.5\conf\settings.xml" />
          </MavenGeneralSettings>
        </option>
      </component>
      <component name="NodePackageJsonFileManager">
        <packageJsonPaths />
      </component>
      <component name="ProjectInspectionProfilesVisibleTreeState">
        <entry key="Project Default">
          <profile-state>
            <expanded-state>
              <State>
                <id />
              </State>
              <State>
                <id>Class structureJava</id>
              </State>
              <State>
                <id>Code maturity issuesJava</id>
              </State>
              <State>
                <id>Google Web Toolkit issues</id>
              </State>
              <State>
                <id>JUnit issuesJava</id>
              </State>
              <State>
                <id>Java</id>
              </State>
              <State>
                <id>Java 5Java language level migration aidsJava</id>
              </State>
              <State>
                <id>Java 7Java language level migration aidsJava</id>
              </State>
              <State>
                <id>Java 8Java language level migration aidsJava</id>
              </State>
              <State>
                <id>Java language level migration aidsJava</id>
              </State>
              <State>
                <id>Javadoc issuesJava</id>
              </State>
              <State>
                <id>Numeric issuesJava</id>
              </State>
              <State>
                <id>Spring</id>
              </State>
              <State>
                <id>Spring AOPSpring</id>
              </State>
              <State>
                <id>TestNGJava</id>
              </State>
              <State>
                <id>Threading issuesJava</id>
              </State>
            </expanded-state>
            <selected-state>
              <State>
                <id>Android</id>
              </State>
            </selected-state>
          </profile-state>
        </entry>
      </component>
      <component name="ProjectLevelVcsManager" settingsEditedManually="true" />
      <component name="ProjectRootManager" version="2" languageLevel="JDK_1_8" project-jdk-name="1.8_151" project-jdk-type="JavaSDK" />
      <component name="PropertiesComponent">
        <property name="GoToClass.includeLibraries" value="false" />
        <property name="GoToClass.toSaveIncludeLibraries" value="false" />
        <property name="GoToFile.includeJavaFiles" value="false" />
        <property name="MemberChooser.copyJavadoc" value="false" />
        <property name="MemberChooser.showClasses" value="true" />
        <property name="MemberChooser.sorted" value="false" />
        <property name="nodejs_interpreter_path.stuck_in_default_project" value="D:/nodejs/node" />
        <property name="nodejs_npm_path_reset_for_default_project" value="true" />
        <property name="project.structure.last.edited" value="Libraries" />
        <property name="project.structure.proportion" value="0.15" />
        <property name="project.structure.side.proportion" value="0.4269275" />
        <property name="settings.editor.selected.configurable" value="reference.settingsdialog.project.gradle" />
      </component>
      <component name="RunManager">
        <configuration default="true" type="#org.jetbrains.idea.devkit.run.PluginConfigurationType" factoryName="Plugin">
          <module name="" />
          <option name="VM_PARAMETERS" value="-Xmx512m -Xms256m -XX:MaxPermSize=250m -ea" />
          <option name="PROGRAM_PARAMETERS" />
          <method />
        </configuration>
        <configuration default="true" type="Applet" factoryName="Applet">
          <option name="WIDTH" value="400" />
          <option name="HEIGHT" value="300" />
          <option name="POLICY_FILE" value="$APPLICATION_HOME_DIR$/bin/appletviewer.policy" />
          <module />
          <method />
        </configuration>
        <configuration default="true" type="Application" factoryName="Application">
          <extension name="coverage" enabled="false" merge="false" sample_coverage="true" runner="idea" />
          <option name="MAIN_CLASS_NAME" />
          <option name="VM_PARAMETERS" />
          <option name="PROGRAM_PARAMETERS" />
          <option name="WORKING_DIRECTORY" value="$PROJECT_DIR$" />
          <option name="ALTERNATIVE_JRE_PATH_ENABLED" value="false" />
          <option name="ALTERNATIVE_JRE_PATH" />
          <option name="ENABLE_SWING_INSPECTOR" value="false" />
          <option name="ENV_VARIABLES" />
          <option name="PASS_PARENT_ENVS" value="true" />
          <module name="" />
          <envs />
          <method />
        </configuration>
        <configuration default="true" type="JUnit" factoryName="JUnit">
          <extension name="coverage" enabled="false" merge="false" sample_coverage="true" runner="idea" />
          <module name="" />
          <option name="ALTERNATIVE_JRE_PATH_ENABLED" value="false" />
          <option name="ALTERNATIVE_JRE_PATH" />
          <option name="PACKAGE_NAME" />
          <option name="MAIN_CLASS_NAME" />
          <option name="METHOD_NAME" />
          <option name="TEST_OBJECT" value="class" />
          <option name="VM_PARAMETERS" value="-ea" />
          <option name="PARAMETERS" />
          <option name="WORKING_DIRECTORY" value="$MODULE_DIR$" />
          <option name="ENV_VARIABLES" />
          <option name="PASS_PARENT_ENVS" value="true" />
          <option name="TEST_SEARCH_SCOPE">
            <value defaultName="singleModule" />
          </option>
          <envs />
          <patterns />
          <method />
        </configuration>
        <configuration default="true" type="Remote" factoryName="Remote">
          <option name="USE_SOCKET_TRANSPORT" value="true" />
          <option name="SERVER_MODE" value="false" />
          <option name="SHMEM_ADDRESS" value="javadebug" />
          <option name="HOST" value="localhost" />
          <option name="PORT" value="5005" />
          <method />
        </configuration>
        <configuration default="true" type="TestNG" factoryName="TestNG">
          <extension name="coverage" enabled="false" merge="false" sample_coverage="true" runner="idea" />
          <module name="" />
          <option name="ALTERNATIVE_JRE_PATH_ENABLED" value="false" />
          <option name="ALTERNATIVE_JRE_PATH" />
          <option name="SUITE_NAME" />
          <option name="PACKAGE_NAME" />
          <option name="MAIN_CLASS_NAME" />
          <option name="METHOD_NAME" />
          <option name="GROUP_NAME" />
          <option name="TEST_OBJECT" value="CLASS" />
          <option name="VM_PARAMETERS" value="-ea" />
          <option name="PARAMETERS" />
          <option name="WORKING_DIRECTORY" value="$PROJECT_DIR$" />
          <option name="OUTPUT_DIRECTORY" />
          <option name="ANNOTATION_TYPE" />
          <option name="ENV_VARIABLES" />
          <option name="PASS_PARENT_ENVS" value="true" />
          <option name="TEST_SEARCH_SCOPE">
            <value defaultName="singleModule" />
          </option>
          <option name="USE_DEFAULT_REPORTERS" value="false" />
          <option name="PROPERTIES_FILE" />
          <envs />
          <properties />
          <listeners />
          <method />
        </configuration>
      </component>
      <component name="VcsContentAnnotationSettings">
        <option name="myLimit" value="2678400000" />
      </component>
      <component name="VcsManagerConfiguration">
        <option name="SHOW_DIRTY_RECURSIVELY" value="true" />
      </component>
      <component name="masterDetails">
        <states>
          <state key="GlobalLibrariesConfigurable.UI">
            <settings>
              <last-edited>scala-sdk-2.12.2</last-edited>
              <splitter-proportions>
                <option name="proportions">
                  <list>
                    <option value="0.4269275" />
                  </list>
                </option>
              </splitter-proportions>
            </settings>
          </state>
          <state key="JdkListConfigurable.UI">
            <settings>
              <last-edited>1.8_151</last-edited>
              <splitter-proportions>
                <option name="proportions">
                  <list>
                    <option value="0.4269275" />
                  </list>
                </option>
              </splitter-proportions>
            </settings>
          </state>
          <state key="ProjectJDKs.UI">
            <settings>
              <last-edited>1.8_151</last-edited>
              <splitter-proportions>
                <option name="proportions">
                  <list>
                    <option value="0.2" />
                  </list>
                </option>
              </splitter-proportions>
            </settings>
          </state>
          <state key="ProjectLibrariesConfigurable.UI">
            <settings>
              <splitter-proportions>
                <option name="proportions">
                  <list>
                    <option value="0.4269275" />
                  </list>
                </option>
              </splitter-proportions>
            </settings>
          </state>
        </states>
      </component>
    </defaultProject>
  </component>
</application>