<application>
  <component name="GitRememberedInputs">
    <option name="visitedUrls">
      <list>
        <UrlAndUserName>
          <option name="url" value="http://git.zhihuishu.com" />
          <option name="userName" value="jiangli" />
        </UrlAndUserName>
        <UrlAndUserName>
          <option name="url" value="http://git.zhihuishu.com/doc/leader.git" />
          <option name="userName" value="" />
        </UrlAndUserName>
        <UrlAndUserName>
          <option name="url" value="http://github.com" />
          <option name="userName" value="q315506754" />
        </UrlAndUserName>
      </list>
    </option>
    <option name="cloneParentDir" value="D:\projects" />
  </component>
  <component name="Vcs.Log.App.Settings">
    <option name="SHOW_CHANGES_FROM_PARENTS" value="true" />
    <option name="COLUMN_ORDER">
      <list>
        <option value="0" />
        <option value="2" />
        <option value="1" />
        <option value="3" />
      </list>
    </option>
  </component>
</application>