<keymap version="1" name="Default copy" parent="$default">
  <action id="ActivateApplicationServersToolWindow">
    <keyboard-shortcut first-keystroke="alt 6" />
  </action>
  <action id="ActivateDatabaseToolWindow">
    <keyboard-shortcut first-keystroke="alt 8" />
  </action>
  <action id="ActivateMavenProjectsToolWindow">
    <keyboard-shortcut first-keystroke="alt 7" />
  </action>
  <action id="ActivatePalette&#9;ToolWindow">
    <keyboard-shortcut first-keystroke="shift ctrl alt period" />
  </action>
  <action id="ActivatePaletteToolWindow">
    <keyboard-shortcut first-keystroke="shift ctrl alt period" />
  </action>
  <action id="ActivateRestServicesToolWindow">
    <keyboard-shortcut first-keystroke="shift alt r" />
  </action>
  <action id="ActivateStructureToolWindow">
    <keyboard-shortcut first-keystroke="alt 3" />
  </action>
  <action id="ActivateTODOToolWindow" />
  <action id="Add.Ibatis.Framework">
    <keyboard-shortcut first-keystroke="shift ctrl alt back_slash" />
  </action>
  <action id="ByteCodeViewer">
    <keyboard-shortcut first-keystroke="ctrl alt back_quote" />
  </action>
  <action id="ChangeFileEncodingAction">
    <keyboard-shortcut first-keystroke="ctrl alt 0" />
  </action>
  <action id="ChangesView.Diff">
    <keyboard-shortcut first-keystroke="shift ctrl q" />
  </action>
  <action id="ClassTemplateNavigation" />
  <action id="CloseAllUnpinnedEditors">
    <keyboard-shortcut first-keystroke="shift ctrl f4" />
  </action>
  <action id="CloseContent">
    <keyboard-shortcut first-keystroke="ctrl f4" />
    <keyboard-shortcut first-keystroke="ctrl w" />
  </action>
  <action id="CodeCompletion">
    <keyboard-shortcut first-keystroke="alt slash" />
  </action>
  <action id="CompareDirs" />
  <action id="CompareTwoFiles">
    <keyboard-shortcut first-keystroke="shift alt d" />
  </action>
  <action id="Compile">
    <keyboard-shortcut first-keystroke="shift ctrl f9" />
    <keyboard-shortcut first-keystroke="ctrl s" />
  </action>
  <action id="DatabaseView.CopyAction" />
  <action id="DebugClass">
    <keyboard-shortcut first-keystroke="shift ctrl f11" />
  </action>
  <action id="EditMacros">
    <keyboard-shortcut first-keystroke="shift ctrl alt m" second-keystroke="e" />
  </action>
  <action id="EditorCutLineEnd">
    <keyboard-shortcut first-keystroke="ctrl alt d" />
  </action>
  <action id="EditorDeleteLine">
    <keyboard-shortcut first-keystroke="ctrl d" />
  </action>
  <action id="EditorDeleteToLineStart">
    <keyboard-shortcut first-keystroke="shift ctrl d" />
  </action>
  <action id="EditorDuplicate">
    <keyboard-shortcut first-keystroke="ctrl alt 2" />
  </action>
  <action id="EditorDuplicateLines">
    <keyboard-shortcut first-keystroke="ctrl alt 4" />
  </action>
  <action id="EditorHungryBackSpace">
    <keyboard-shortcut first-keystroke="ctrl alt 5" />
  </action>
  <action id="EditorSelectWord">
    <keyboard-shortcut first-keystroke="shift ctrl x" />
  </action>
  <action id="EditorSwapSelectionBoundaries">
    <keyboard-shortcut first-keystroke="ctrl alt 3" />
  </action>
  <action id="ExpressionTypeInfo" />
  <action id="FileChooser.GotoDesktop" />
  <action id="FixDocComment">
    <keyboard-shortcut first-keystroke="shift ctrl alt g" />
  </action>
  <action id="Git.ContextMenu">
    <keyboard-shortcut first-keystroke="shift alt g" />
  </action>
  <action id="Git.Pull">
    <keyboard-shortcut first-keystroke="shift ctrl p" />
  </action>
  <action id="Git.RepositoryContextMenu">
    <keyboard-shortcut first-keystroke="shift ctrl g" />
  </action>
  <action id="GoToClass" />
  <action id="GuiDesigner.Duplicate" />
  <action id="HippieBackwardCompletion">
    <keyboard-shortcut first-keystroke="shift alt y" />
  </action>
  <action id="HippieCompletion">
    <keyboard-shortcut first-keystroke="shift ctrl y" />
  </action>
  <action id="JindentComponent.formatEditor">
    <keyboard-shortcut first-keystroke="shift ctrl alt l" />
  </action>
  <action id="PinActiveTab">
    <keyboard-shortcut first-keystroke="shift alt p" />
  </action>
  <action id="PlaySavedMacrosAction">
    <keyboard-shortcut first-keystroke="shift ctrl alt m" second-keystroke="p" />
  </action>
  <action id="PlaybackLastMacro">
    <keyboard-shortcut first-keystroke="shift ctrl alt m" second-keystroke="l" />
  </action>
  <action id="Popup.PopupChoiceAction" />
  <action id="QuickChangeScheme">
    <keyboard-shortcut first-keystroke="ctrl alt quote" />
  </action>
  <action id="RerunTests" />
  <action id="SaveAll" />
  <action id="SendEOF" />
  <action id="ShelvedChanges.Diff">
    <keyboard-shortcut first-keystroke="shift ctrl q" />
  </action>
  <action id="SmartTypeCompletion">
    <keyboard-shortcut first-keystroke="ctrl alt slash" />
  </action>
  <action id="StartStopMacroRecording">
    <keyboard-shortcut first-keystroke="shift ctrl alt m" second-keystroke="s" />
  </action>
  <action id="StructuralSearchPlugin.StructuralReplaceAction">
    <keyboard-shortcut first-keystroke="shift ctrl alt r" />
  </action>
  <action id="StructuralSearchPlugin.StructuralSearchAction">
    <keyboard-shortcut first-keystroke="shift ctrl alt f" />
  </action>
  <action id="SwitchApply">
    <keyboard-shortcut first-keystroke="shift alt enter" />
  </action>
  <action id="SwitchDown">
    <keyboard-shortcut first-keystroke="shift alt down" />
  </action>
  <action id="SwitchLeft">
    <keyboard-shortcut first-keystroke="shift alt left" />
  </action>
  <action id="SwitchRight">
    <keyboard-shortcut first-keystroke="shift alt right" />
  </action>
  <action id="SwitchUp">
    <keyboard-shortcut first-keystroke="shift alt up" />
  </action>
  <action id="ToggleFullScreen">
    <keyboard-shortcut first-keystroke="ctrl alt f11" />
  </action>
  <action id="Vcs.QuickListPopupAction">
    <keyboard-shortcut first-keystroke="ctrl alt 6" />
  </action>
  <action id="VimPluginToggle">
    <keyboard-shortcut first-keystroke="shift ctrl alt back_quote" />
  </action>
  <action id="com.github.setial.intellijjavadocs.action.JavaDocGenerateActionOnEditor" />
  <action id="com.github.setial.intellijjavadocs.action.JavaDocsGenerateActionOnEditor" />
  <action id="editRunConfigurations">
    <keyboard-shortcut first-keystroke="ctrl alt 1" />
  </action>
  <action id="hg4idea.QGotoFromPatches" />
</keymap>